Edge,WBS,PredecessorWBS,RelType,Note
,P1.A.1.1,,,
,P1.A.1.2,,,
,P1.A.1.3,,,
,P1.A.1.4,,,
,P1.A.2.1,,,
,P1.A.2.2,,,
,P1.A.2.3,,,
,P1.B.1.1,,,
,P1.B.1.2,,,
,P1.B.1.3,,,
,P1.B.1.4,,,
,P1.B.2.1,,,
,P1.B.2.2,,,
,P1.B.2.3,,,
,P1.B.3.1,,,
,P1.B.3.2,,,
,P1.B.3.3,,,
,P1.C.1.1,,,
,P1.C.1.2,,,
,P1.C.1.3,,,
,P1.C.1.4,,,
,P1.C.2.1,,,
,P1.C.2.2,,,
,P1.C.2.3,,,
,P1.C.2.4,,,
,P1.C.3.1,,,
,P1.C.3.2,,,
,P1.C.3.3,,,
,P1.C.3.4,,,
,P1.C.4.1,,,
,P1.C.4.2,,,
,P1.C.4.3,,,
,P1.C.4.4,,,
,P1.C.4.5,,,
,P1.C.5.1,,,
,P1.C.5.2,,,
,P1.C.5.3,,,
,P1.C.5.4,,,
,P1.C.5.5,,,
,P1.D.1.1,,,
,P1.D.1.2,,,
,P1.D.1.3,,,
,P1.D.1.4,,,
,P1.D.1.5,,,
,P1.D.2.1,,,
,P1.D.2.2,,,
,P1.D.2.3,,,
,P1.D.2.4,,,
,P1.D.3.1,,,
,P1.D.3.2,,,
,P1.D.3.3,,,
,P1.D.3.4,,,
,P1.D.3.5,,,
,P1.D.3.6,,,
,P1.E.1.1,,,
,P1.E.1.2,,,
,P1.E.2.1,,,
,P1.E.2.2,,,
,P1.E.2.3,,,
,P2.F.1.1,,,
,P2.F.1.2,,,
,P2.F.1.3,,,
,P2.F.2.1,,,
,P2.F.2.2,,,
,P2.F.3.1,,,
,P2.F.3.2,,,
,P2.G.1.1,,,
,P2.G.1.2,,,
,P2.G.1.3,,,
,P2.G.2.1,,,
,P2.G.2.2,,,
,P2.H.1.1,,,
,P2.H.1.2,,,
,P2.H.1.3,,,
,P2.H.2.1,,,
,P2.H.2.2,,,
,P2.H.3.1,,,
,P2.H.3.2,,,
,P2.H.3.3,,,
,P2.I.1.1,,,
,P2.I.1.2,,,
,P2.I.1.3,,,
,P2.I.1.4,,,
,P2.I.1.5,,,
,P2.I.1.6,,,
,P2.I.1.7,,,
,P2.I.1.8,,,
,P2.I.1.9,,,
,P2.I.1.10,,,
,P2.I.2.1,,,
,P2.I.2.2,,,
,P2.I.2.3,,,
,P2.I.2.4,,,
,P2.I.2.5,,,
,P2.I.2.6,,,
,P2.I.2.7,,,
,P2.I.2.8,,,
,P2.I.2.9,,,
,P2.I.2.10,,,
,P2.I.3.1,,,
,P2.I.3.2,,,
,P2.I.3.3,,,
,P2.I.3.4,,,
,P2.I.3.5,,,
,P2.I.3.6,,,
,P2.J.1.1,,,
,P2.J.1.2,,,
,P3.L.1.1,,,
,P3.L.1.2,,,
,P3.L.2.1,,,
,P3.M.1.1,,,
,P3.M.1.2,,,
,P3.M.2.1,,,
,P3.M.2.2,,,
,P3.M.3.1,,,
,P3.N.1.1,,,
,P3.N.1.2,,,
,P3.N.1.3,,,
,P3.N.1.4,,,
,P3.N.1.5,,,
,P3.N.1.6,,,
,P3.N.2.1,,,
,P3.N.2.2,,,
,P3.O.1.1,,,
,P4.P.1.1,,,
,P4.P.2.1,,,
,P4.P.2.2,,,
,P4.Q.1.1,,,
,P4.Q.1.2,,,
,P4.Q.2.1,,,
,P4.Q.2.2,,,
,P4.Q.3.1,,,
,P4.Q.3.2,,,
,P4.R.1.1,,,
,P4.R.1.2,,,
,P4.R.2.1,,,
,P4.R.2.2,,,
,P4.S.1.1,,,
,P4.S.1.2,,,
,P5.T.1.1,,,
,P5.T.1.2,,,
,P5.T.1.3,,,
,P5.T.1.4,,,
,P5.T.2.1,,,
,P5.T.2.2,,,
,P5.T.2.3,,,
,P5.T.3.1,,,
,P5.T.3.2,,,
,P5.T.3.3,,,
,P5.U.1.1,,,
,P5.U.2.1,,,
,P5.U.2.2,,,
,P5.V.1.1,,,
,P5.V.2.1,,,
,P5.V.2.2,,,
,P5.V.3.1,,,
,P5.V.3.2,,,
,P5.W.1.1,,,
,P5.W.1.2,,,
,P5.W.2.1,,,
,P5.W.2.2,,,
,P5.W.3.1,,,
,P5.W.3.2,,,
,P5.W.3.3,,,
,P5.W.3.4,,,
,P5.W.4.1,,,
,P5.W.4.2,,,
